,A,B,C,D
2000-01-01,-1.3685386563251805,1.6635084449309516,-1.0659436520960195,-1.5986305122527775
2000-01-02,-1.4091951087950716,0.7112399442296773,-0.5840715739308264,-2.3818973980545115
2000-01-03,-1.4509137243400374,2.2222981320592554,-1.6393172464063568,-1.3138689156044452
2000-01-04,-0.5326755210955558,2.7555083125028945,-0.054668659015560506,-0.6769821017026373
2000-01-05,-1.929586393865821,0.6346076537474192,-1.99685461530822,0.17073835283005412
2000-01-06,-3.103585160895011,1.1120484423009462,-2.147323138150498,0.7131763199723035
2000-01-07,-1.7713457467380378,2.5221326746979296,-3.020665897981719,2.0169414182836127
2000-01-08,-2.484313079650848,2.462460851449948,-2.5028022513954857,1.8865360088479357
2000-01-09,-1.0105929061840275,1.6036210611785418,-4.442327483381405,1.635652715418026
2000-01-10,0.30059476370504035,1.2878387934592903,-4.9215508896997155,3.880244028275584
2000-01-11,-0.6735569343623335,2.8827504324468007,-4.168942038598307,3.1489190570382544
2000-01-12,-1.0060706021791932,3.0467710996145203,-4.684299994103128,2.4589926906196897
2000-01-13,-1.0697132406695862,2.9894858673341402,-4.158866496677473,3.3173924855360375
2000-01-14,-0.23201834770826835,3.6566708316377987,-3.8216186289698335,3.013818390023152
2000-01-15,-1.579839138149001,4.013876203513496,-5.647668048640332,2.5050628059602116
2000-01-16,-1.1150778001595436,4.1125329529903425,-4.99480438533611,0.7459048968037181
2000-01-17,-0.7776015599783973,6.22548591520567,-3.150865647242913,1.2741341051628656
2000-01-18,0.3928457431873448,6.65203713545754,-3.5406641806282737,1.3723683597025347
2000-01-19,0.5915069755709893,8.412816869055913,-2.850528789844188,3.8143493909239594
2000-01-20,0.05516326093404034,7.218752460326736,-3.5946950302586718,4.058143485130303
2000-01-21,0.64743486081545,7.139020606308788,-3.476011046406874,5.040580346019343
2000-01-22,1.3243939847698605,8.27691572067505,-6.065210886222991,6.822773900195361
2000-01-23,1.5525793664060996,8.293425247922476,-4.621755206203961,6.690438705968762
2000-01-24,-0.07213505364744699,8.847147828525436,-3.7343321673080685,6.640870920702035
2000-01-25,-0.9742666141067869,8.750662586319791,-2.7060695159292623,7.309553393997658
2000-01-26,-0.9053186915326377,9.699812786536693,-4.343626117092813,8.600293320908142
2000-01-27,-0.05069460117752278,8.728276496468904,-5.222568795679376,8.370647392284997
2000-01-28,0.6273404014857447,8.755720483937752,-4.958812285098609,9.20498827413733
2000-01-29,1.117895602375763,9.348550160586825,-5.139566442665396,10.346512457518493
2000-01-30,1.0429584418959719,8.423117294501058,-4.789162519856263,9.504127168654637
2000-01-31,0.20341205847387167,9.350639474962497,-4.40214340374303,10.086126484357862
2000-02-01,0.5221183597993487,10.009374072651418,-4.599299324118445,9.828020045558185
2000-02-02,0.2432824754261378,10.116357730972002,-5.456056871743131,8.12433719400251
2000-02-03,2.417855657416104,12.19626813865844,-5.841376180154962,7.659886474699773
2000-02-04,1.7586435001044687,12.499606010184204,-5.023951330803418,8.062673262460779
2000-02-05,2.4648809446916458,13.781849857150881,-4.181740423904929,10.020441845966822
2000-02-06,3.8594421835739885,12.407314815186016,-3.9485826926034413,8.958626097505082
2000-02-07,4.695288922655759,14.64892973608228,-3.3636981984604253,9.771944031228871
2000-02-08,5.065155436398253,14.08421905958551,-3.672609054400387,8.84843887202695
2000-02-09,6.037496676317883,12.752368051147958,-2.6493387387637473,8.087925791104293
2000-02-10,6.986482658513433,13.123718360394141,-3.2476353403350813,7.613114952482888
2000-02-11,7.784173055892251,11.829044892622527,-3.4886334371422896,6.605586140326381
2000-02-12,6.888144580913297,12.912262813789491,-3.700214620367094,5.684912374102756
2000-02-13,9.43069113892042,14.504308351480361,-4.976894649099109,6.454585041405483
2000-02-14,8.993280084751015,15.729737674513476,-6.970800644790982,5.348424987625975
2000-02-15,8.356246050790855,13.323479236387955,-7.8883581120610105,5.56346744942436
2000-02-16,9.780542360727686,13.966059252763866,-7.998765661124855,5.223954372026684
2000-02-17,10.72301018615823,16.169995371628545,-6.298551794799344,5.1079557577774795
2000-02-18,8.995397946537187,15.89375448035828,-5.672288490188795,5.191972562960896
2000-02-19,8.085715431352282,15.032171616859094,-4.781867027337706,5.820141851303881
2000-02-20,6.797096574579835,12.720003167568981,-4.71856004943694,7.096012270103194
2000-02-21,6.699885257671088,13.443436866134686,-6.585610837651821,8.324390496041708
2000-02-22,7.666501222690849,12.003950980792593,-7.755742289724596,8.782768313458288
2000-02-23,6.844249705335044,10.990596318265109,-9.539029681514744,9.446238027863913
2000-02-24,6.053095620882368,10.629300935911486,-9.815030037284204,9.171990672657646
2000-02-25,6.9466032319448665,8.9264375630747,-9.773601833690021,8.99240056834322
2000-02-26,7.853296129217256,9.607777460935353,-10.092370063926577,7.4906295237344125
2000-02-27,7.934682748685839,9.507124789151383,-10.804197550607036,7.086521550696868
2000-02-28,8.26787325816521,10.052838036171858,-12.902750271364049,5.82303755234297
2000-02-29,6.443232215155195,11.815280028426077,-11.361527218860623,6.279062225198881
2000-03-01,6.307068892697578,11.316509025396108,-10.203953309287403,5.83062893409182
2000-03-02,5.1639654369192325,11.45582121989206,-11.90253215210122,3.4963583979003485
2000-03-03,4.957326024752361,10.261073220053168,-10.443856738018706,3.547194677000027
2000-03-04,4.379586835414729,10.221685152188678,-9.534507361836777,4.075339694382046
2000-03-05,5.904239357119765,11.417261428461838,-11.517097428550311,2.422118352089277
2000-03-06,7.3234588983742395,9.986141408466638,-11.228681485363504,3.659655125003727
2000-03-07,6.487218028711653,10.721504731486712,-12.063077375089488,3.992132678750821
2000-03-08,7.407941749547036,12.121022624663741,-12.566591306765913,3.473463890629875
2000-03-09,8.711014178504318,12.149550614000933,-11.468136527038405,5.407010442284983
2000-03-10,9.587044552225798,11.702066256206964,-11.913306955556644,4.675891683456014
2000-03-11,10.060304669440097,12.5562905420259,-12.670366557083254,5.460082266857198
2000-03-12,10.188708056775047,13.19328745669088,-10.311788420104541,6.346687532991759
2000-03-13,10.102371732830312,14.917980398862856,-9.259703441858234,7.644910983981316
2000-03-14,10.137851895103935,15.285545501775406,-8.497973240480944,5.800313844187874
2000-03-15,9.48850289117523,13.852606826083505,-6.692696180379035,6.230463299183218
2000-03-16,11.981296886103381,12.822126197221888,-5.321597852359193,6.998205578180133
2000-03-17,11.809842816826261,12.015898806512537,-4.999779345768022,7.8941599624742045
2000-03-18,11.590229096706196,11.756097821504927,-4.573729769360434,8.136231632095198
2000-03-19,10.414640218375588,9.17216165107377,-4.195555432340599,8.572912226966377
2000-03-20,9.86677164223908,6.4270110366873805,-4.294773627120032,8.69618415197799
2000-03-21,10.294125032744978,6.353697249838838,-5.6909665364359325,11.185039457613215
2000-03-22,9.512683071988619,5.78762365902966,-5.318807546344021,12.670033427523682
2000-03-23,10.231203944550808,5.250190356895354,-7.138989589388043,12.73566132160306
2000-03-24,9.983257090859675,4.5000839017374545,-8.542721699304948,13.462581056893734
2000-03-25,9.159247631814623,4.848624969119135,-8.333424094662245,14.202634212412194
2000-03-26,8.647918209525256,5.1735109590214075,-6.185710737892441,13.423162391848194
2000-03-27,9.333191530342361,5.100233748684521,-6.322738215139078,13.576705135999054
2000-03-28,7.521936686650952,4.325359992862893,-6.3622385976405065,14.518945482899586
2000-03-29,8.066198529757722,4.309531123111182,-7.7909910621846326,17.183636087927272
2000-03-30,8.926773923491751,3.344337395650161,-8.652138231547596,16.967530241191533
2000-03-31,10.319133705441532,3.611730749705658,-9.733181830382613,15.269744108868945
2000-04-01,11.477823031635557,3.2033793131289596,-9.8685707884561,14.27760597387563
2000-04-02,10.117536524352678,3.2864832434080387,-9.876891373725474,15.381409504820942
2000-04-03,9.904526144679393,4.307605824985893,-9.612017680261241,17.259928975155617
2000-04-04,10.896431533822449,5.28026647093612,-8.138836956738471,17.809914937330444
2000-04-05,12.074590104958475,6.203541414323186,-8.410212257494061,18.161341961384252
2000-04-06,12.032675712700895,5.974679705793289,-8.379220196270603,18.886861749866405
2000-04-07,11.015210176889951,7.65253383206433,-8.091176410363966,20.249799211959076
2000-04-08,10.325327568209936,7.344932508532219,-7.249971156402685,21.55731981171824
2000-04-09,9.467994073596195,10.485404317125578,-6.28306038195546,20.861522946670743
2000-04-10,10.456116555362136,11.50303044943829,-6.2006074508203355,21.130637915927764
2000-04-11,9.990804637176753,10.32800497820059,-4.581065772945561,20.388135293072594
2000-04-12,10.045196137558397,9.635045408402387,-4.948938134736759,19.074941708859118
2000-04-13,10.203130013392823,9.339603780672476,-5.555883720367576,19.5856724950099
2000-04-14,10.300602935747792,9.245227161734915,-5.719074186617624,18.846847522131068
2000-04-15,10.643098731546909,9.791955312739976,-3.888352711950473,18.409703609561106
2000-04-16,9.037170670948612,9.569608094253335,-3.452451504473568,19.46446658711893
2000-04-17,9.951046276244242,9.000493696394683,-5.660511583309676,20.009757452796375
2000-04-18,7.879298280086573,7.942089664371193,-5.541014533567411,21.369100526856787
2000-04-19,9.894027757966699,8.218248665611164,-6.4848755427528735,21.19020959572666
2000-04-20,9.39058166638686,8.135885348237647,-5.459057414855591,21.38431969088974
2000-04-21,8.168226712570055,8.418294333994341,-5.123287104824905,22.484040560726108
2000-04-22,6.181650577554883,10.84456097197095,-5.551906301788187,22.391033334198983
2000-04-23,7.141708136480574,11.623515506175684,-4.603981194364545,21.802908327690382
2000-04-24,6.774306488810132,11.999993660368023,-4.518321197917726,22.238493109722327
2000-04-25,7.037029708600562,12.054833995926327,-6.081517692829025,22.863867693437626
2000-04-26,7.7242160264069595,12.486780864115868,-6.608339161371076,22.167169046599636
2000-04-27,6.418680592296857,13.792643778246958,-8.321575083814588,21.54812904246557
2000-04-28,5.984173563634092,13.497865121880364,-9.209467158153675,21.459889941623814
2000-04-29,6.5280462738807445,14.999371174028973,-9.867333171474632,21.279493982261858
2000-04-30,6.943014741308529,14.995709112976824,-10.752073090486792,22.311755395829778
2000-05-01,8.464772883322599,13.819258376215952,-10.754908709189737,22.140220093960604
2000-05-02,8.521850400282759,13.181127043715819,-10.294423330960624,20.918019030556387
2000-05-03,8.330184821306467,12.648529934638749,-9.01536038498726,23.072721719738237
2000-05-04,6.526530909498743,12.68429003124839,-8.592914629475462,21.598923060994046
2000-05-05,7.7361088775838445,12.327498156125463,-8.300485084555726,20.424020911251127
2000-05-06,9.263504965720792,13.149066233740784,-6.730323947166299,20.28249208163416
2000-05-07,8.608983773433026,14.733561507311968,-8.692586004537922,20.11973197337852
2000-05-08,8.575724528374295,14.69446207205729,-8.713607075785712,19.17573479356327
2000-05-09,7.875949117319864,16.257758612615202,-9.29453325072064,19.017221033896412
2000-05-10,10.070499021084737,17.12763141796272,-9.13940974308285,18.280454438791345
2000-05-11,7.823390733877067,16.783250422460622,-8.75263645846409,19.15010730775249
2000-05-12,7.015031072986011,16.373722102873494,-9.80297462238485,18.136251137056018
2000-05-13,7.995304099611902,15.95707151930642,-12.149805647937836,17.967837327485768
2000-05-14,8.226373954839422,15.795177107820392,-12.543941762273631,19.02324978664133
2000-05-15,9.371370086392863,14.483057279626511,-13.274711879358874,18.27755894134745
2000-05-16,8.514873757057627,14.239548845449763,-14.252529135389967,18.453265173643288
2000-05-17,10.340026741645735,15.16089487719852,-14.620422478827525,20.654749640020146
2000-05-18,11.09892618107308,15.968679340165108,-15.972276361953648,20.324808967165747
2000-05-19,10.924173754187132,16.83008069344826,-14.773392772988956,19.57958774602117
2000-05-20,10.303189280006,16.400834700584202,-15.997844003939361,20.215077418193243
2000-05-21,10.66891856541307,17.430634719973188,-17.436357442346935,19.68457990354401
2000-05-22,8.655488614792713,17.829020002626944,-17.563647913114256,19.7594449525355
2000-05-23,9.914108202269807,18.132602018673712,-16.17956242502567,19.150913136480487
2000-05-24,9.631290392567834,18.510888300363366,-16.30854363558278,20.868841530694933
2000-05-25,8.717314825649963,19.702963655812955,-16.891315072674832,21.518029278784148
2000-05-26,7.671939522100194,18.597127837651477,-17.484092740971455,21.23828357763126
2000-05-27,6.278954219921561,17.962656755053896,-17.13108696421642,22.02325048863045
2000-05-28,5.862523322965741,16.091006770523805,-17.475265387465395,23.331399459142414
2000-05-29,5.372675462413262,16.862938061656116,-18.07368796789889,22.09294127107948
2000-05-30,6.704003720662201,17.11090867014485,-17.847478927658948,21.464637211703952
2000-05-31,5.9302214651282465,16.887928858707156,-17.599142168019515,21.47403239873517
2000-06-01,6.6495472397166395,17.767236945592042,-16.697119436500575,21.25434330416263
2000-06-02,5.284335929698322,18.492428716100708,-17.52037154458344,20.56534837658051
2000-06-03,5.0970192841000665,17.932518220023045,-19.09545319939509,21.026977786038124
2000-06-04,5.616213694308507,17.185470328538077,-20.033564614379483,20.250667385731365
2000-06-05,6.808369884187732,18.245259582791856,-19.821394001437127,20.40301976170611
2000-06-06,9.391086851230433,18.163810658724067,-21.75328495001681,20.076393873695448
2000-06-07,10.911728292537136,17.268385484433384,-21.34980664940018,19.621762238575144
2000-06-08,10.269920255407168,17.749546787170942,-21.212453967880556,19.49153653237343
2000-06-09,11.618981846049342,17.985355445359705,-21.157063381298613,19.351163277155013
2000-06-10,10.391271089786173,17.136945757350283,-21.110471822915805,18.30695742864631
2000-06-11,9.894148088950505,16.96356515036038,-19.387149342916757,18.798055180373055
2000-06-12,9.148981102740054,16.377395847604447,-18.548249777864097,17.171134870253283
2000-06-13,8.854371950406293,16.160980487662307,-17.95656016111772,16.201281256622504
2000-06-14,9.07618708069845,15.27099805771035,-17.56273322780872,16.096224160671174
2000-06-15,8.66714467386203,14.160016579996318,-18.14653480481995,15.871513499920846
2000-06-16,7.562421708650827,15.220323003210874,-17.37755298522877,18.808284222061662
2000-06-17,7.324859501768555,15.591370591480931,-16.872683613694775,19.308208515195172
2000-06-18,7.838943212226136,15.216378550075163,-17.154823956471382,20.31037978975736
2000-06-19,6.97898620893181,16.295617914974258,-17.819944203288763,21.759829715707973
2000-06-20,7.12192520108112,16.997519842225252,-18.89861387584181,20.703472066586684
2000-06-21,6.3441148427330365,15.652791812782393,-19.789400157854082,19.554172839038007
2000-06-22,6.678266633353975,16.837365965544453,-18.188932972294335,19.508346555047563
2000-06-23,6.010957607449102,18.783900976356627,-17.361490544284337,19.706501360548828
2000-06-24,5.583943303493169,20.080592856915988,-17.370077273587725,20.90726040271712
2000-06-25,3.0590601205627075,22.128323927063548,-17.08332001272242,20.377626301771066
2000-06-26,1.7978785041571745,22.821069165971853,-16.482950552655772,19.94922774451367
2000-06-27,0.48046919752976147,21.53949499799673,-17.72993116815205,20.742698280704314
2000-06-28,-0.7224484159535363,20.362883878752367,-16.992340415006993,21.934611475832448
2000-06-29,-0.6315013918437384,22.463983216311444,-19.527278122268687,21.47924421460835
2000-06-30,-0.8010947020454653,22.21880750157937,-20.4653298277609,21.392054050056494
2000-07-01,-1.149813811973722,21.943547323725912,-19.74205615738996,20.678770327494956
2000-07-02,-1.1464482547101713,20.935313455389544,-18.761662817933132,22.096021123289965
2000-07-03,-1.764763801637683,20.89401978129842,-16.924592783462877,22.77762509896589
2000-07-04,-2.386541354514148,21.995468036105272,-17.45610832316915,23.885701547807404
2000-07-05,-1.4769011314180511,23.44223241289143,-17.979307713673233,24.270370436192714
2000-07-06,-2.420316932919346,21.94634618373026,-17.879981409648245,26.01287405696398
2000-07-07,-0.3872805766295029,20.814902502922866,-19.038656522848004,23.96636852630702
2000-07-08,-0.5877819082050979,19.887229303072342,-19.65481906240508,22.966735687717293
2000-07-09,-0.5215989043180544,20.106130172764598,-18.85868977769262,23.84896270099456
2000-07-10,-0.07975777869991862,19.407277798020374,-18.789344166425145,24.802676703801954
2000-07-11,-0.004276152505181138,21.357415478603954,-18.64168357926535,24.584115254464056
2000-07-12,-0.40687740841684755,20.49032751357465,-17.149641623992125,23.49407844063682
2000-07-13,0.154647010344858,21.228170846257964,-16.142041412392032,21.27100063012759
2000-07-14,0.37487229968659475,19.34327189966081,-17.116308273748363,21.74235976235753
2000-07-15,0.9585090049721808,20.150115452253214,-14.690548723806899,22.171257974058054
2000-07-16,0.7531819919849457,22.49675517247733,-15.548902802323507,21.905888483853786
2000-07-17,0.9794965448599372,21.462021054874967,-15.864454123555682,20.734870421398135
2000-07-18,2.4685682372879976,21.51094336632149,-15.342497987897453,22.636592411434258
2000-07-19,1.518878042232159,22.61755392246727,-15.693183816542934,22.81427245640509
2000-07-20,1.9296137197114385,22.651075434826094,-17.061413215090965,21.762969887458816
2000-07-21,1.1874850310264766,21.3751092806545,-16.189749378262306,20.66158903787388
2000-07-22,1.1999716186250233,21.879240565208743,-17.673143325456973,20.34815115927102
2000-07-23,2.557330899731669,20.894901430959344,-17.16526628387372,19.476469744775272
2000-07-24,4.112724866387517,20.141054178533242,-16.164839722700695,20.467750168758577
2000-07-25,4.345551259569794,21.639932273265313,-18.119334655604803,20.492844007086614
2000-07-26,5.161368267178568,22.49406068942568,-16.2262888663111,18.33310388625469
2000-07-27,5.065045537810745,23.004687655145545,-17.193554492579427,16.867997711888776
2000-07-28,6.6986011216209445,22.617188547058067,-18.716056291104074,17.564381299438505
2000-07-29,6.897136302430708,23.475370101865586,-17.826184843799386,17.357588158315234
2000-07-30,7.0515436532546945,20.649885928904823,-19.29472658101897,16.2206081854378
2000-07-31,5.488863243976015,21.152420403215334,-20.175482008047247,17.426412843816827
2000-08-01,7.183197987897074,22.218141210770863,-19.020354920174356,17.496953880233082
2000-08-02,5.445913440228939,21.405667652294103,-17.748312202916846,17.075109320937333
2000-08-03,5.0136207920690055,21.120737041482545,-18.712346745785574,18.338444098338478
2000-08-04,5.458073733214313,20.902839200734586,-17.80502647933945,17.022605135120823
2000-08-05,4.954435186904503,22.24254288330039,-17.987115541129718,15.989160169672186
2000-08-06,4.854354096645351,21.853545090874718,-19.127815154007894,15.590153290646914
2000-08-07,5.175808587996917,22.10992580317322,-22.22754886369078,15.958664719583224
2000-08-08,5.194883507273181,23.520855589592582,-21.002268397529328,14.880233039201444
2000-08-09,5.7445928192899895,22.877437902105886,-20.864713086842155,15.264833412203386
2000-08-10,3.54976300558738,23.67766589529241,-20.234490487749056,16.34567285403928
2000-08-11,2.7188747124314605,23.76056745922079,-20.27900541846278,14.972468297118436
2000-08-12,2.7992590401041593,25.565902518028683,-20.512247778520607,16.044961926020147
2000-08-13,3.6205872925151805,25.881596486244508,-20.19548112591242,15.726448800258517
2000-08-14,3.53559457513983,24.011818625037385,-20.52881270787805,14.078549113350537
2000-08-15,3.207360772661746,23.930092517789085,-21.59309744747434,14.40567023659909
2000-08-16,3.170856681899419,22.93953873700154,-22.092406744906206,12.564133447854678
2000-08-17,2.229007750870589,23.429442912377908,-23.235677656825185,11.552262878299077
2000-08-18,2.9524289245356257,22.48051651118513,-24.521238171451337,12.104521881249076
2000-08-19,4.362866706837594,21.745834602524717,-26.019218484766466,13.393554933195652
2000-08-20,6.128927775715222,20.356088357448968,-25.395133782177243,13.38444558089536
2000-08-21,6.985446803495707,19.664271841497143,-23.367179320043874,13.741721096203511
2000-08-22,7.704773589268436,20.296763962775472,-22.383906596397242,13.682712412814789
2000-08-23,6.37112801445644,20.06548348378037,-22.602309433799867,13.48981383021944
2000-08-24,5.607027163103963,19.769325683291868,-21.615298225229914,13.062495204686849
2000-08-25,5.433486880382232,21.044005588080132,-22.624479090967892,12.41478006754733
2000-08-26,6.316508897999371,20.916191569753877,-22.706441817984786,12.597233667137685
2000-08-27,5.3118616021078235,20.89254746986716,-22.175925013741903,13.588829692788233
2000-08-28,5.654028017598652,21.673806436336868,-25.066389985181903,15.029539914660285
2000-08-29,4.737559209382491,21.240461362615424,-25.48842599553977,14.554169824689655
2000-08-30,6.7804804143461,21.57566406616982,-25.97326289635662,14.783271731272539
2000-08-31,7.673853003457899,21.279463284923736,-26.138393580044852,14.929811253841695
2000-09-01,7.2561416367449,17.914213293269917,-25.536955713312004,15.267483786024819
2000-09-02,7.221018799762306,18.465013755660276,-26.076862542456123,13.466392016933321
2000-09-03,7.751902004049878,18.972970094675258,-27.07709660510859,14.826831707857817
2000-09-04,7.3666010095654295,18.40639816168838,-27.940723491317577,15.937869196931258
2000-09-05,7.289257170086991,16.62528493588903,-29.934206087039332,15.138039130063502
2000-09-06,6.089885647993345,17.108685437549475,-30.68463645320737,13.24908868532
2000-09-07,5.279204207742358,17.174887291015274,-29.296473543399593,13.437952026065307
2000-09-08,3.9646309407115146,15.486403932655946,-30.45568108643808,13.407021631082046
2000-09-09,1.7797342495308754,16.388771113143548,-31.274381245289376,12.120808965378604
2000-09-10,1.5881411693146807,16.578826856880813,-31.012118246243432,12.202201959245158
2000-09-11,1.242110287549978,16.765349022780313,-32.44230556381072,12.59303578139938
2000-09-12,0.9572005364097445,18.615166103848008,-32.50168845448237,12.845249724314188
2000-09-13,2.7391351636162407,18.1956236998155,-32.99932742615403,12.487670704809023
2000-09-14,2.5513003385041397,17.68210590394322,-33.26976690597751,11.656693246952933
2000-09-15,1.8401509921744346,17.52704179777433,-35.50905356831288,10.970361357819542
2000-09-16,2.013348266765599,18.837912063610965,-36.41901907351854,10.715646165368273
2000-09-17,1.0284414421311747,19.298584972129195,-36.825660119422565,11.590730234888728
2000-09-18,0.5026403601152876,19.716919054485892,-37.20416369421867,10.793927907431945
2000-09-19,-0.3805502214069457,20.45877293572587,-35.67049360730938,13.209365309222967
2000-09-20,0.45698078399496933,19.65052668138184,-37.26104047480312,11.695765562262656
2000-09-21,0.11199277179932299,21.413952889398736,-35.59234459719403,11.03171273573083
2000-09-22,0.3929175487905797,22.24500267846861,-35.63682412427427,11.298409851531902
2000-09-23,1.7075410383136713,22.2886027056697,-35.45719387170199,14.137228224106444
2000-09-24,1.4344513283856712,22.217406503538015,-33.733420711309975,13.94420416998655
2000-09-25,-0.22394814719557066,22.86178031940221,-34.57694474584241,14.092415783009674
2000-09-26,1.374137646972028,23.025979476987413,-35.34802719406343,13.833762437595736
2000-09-27,1.0725184837865913,23.38822841130849,-34.84467006407751,13.97901900518996
2000-09-28,-0.26248345105422843,22.430622041681275,-36.182194931755014,12.910067677144632
2000-09-29,-1.5803295130515524,21.941874038988907,-35.509326796753655,12.543352210563354
2000-09-30,-2.0748902586567253,23.34057000480983,-35.707703766699034,12.879919197469679
2000-10-01,-4.49175348457077,23.607531709135277,-36.0981620401061,12.834389047644695
2000-10-02,-5.83647754321283,22.79815217744095,-34.69497660208511,12.225868755392595
2000-10-03,-6.208716601471741,23.044277548606583,-34.429234134607434,12.606661133511055
2000-10-04,-6.631100416892348,22.19886893592567,-36.15732593326258,11.544755941416017
2000-10-05,-7.595398824725949,22.68689069105163,-36.81337369880585,13.178146663493024
2000-10-06,-8.298216356291801,24.893727697092313,-36.00050650046794,13.17301513892557
2000-10-07,-5.898758451563859,26.812175534947148,-35.9657830463422,11.518080260360032
2000-10-08,-4.173741548600892,26.535827029810108,-35.382956544440866,10.721877020793771
2000-10-09,-4.621199343317623,25.954008091261603,-34.2252530240438,10.246495612521192
2000-10-10,-5.540054717519107,24.73686254854308,-35.56875690346881,11.26654573693305
2000-10-11,-6.399804795252211,25.58581544234894,-36.28967108041035,11.63593853457353
2000-10-12,-7.872446216023871,26.259564486968213,-35.972134742295346,10.441477323125211
2000-10-13,-8.80801858359145,27.55371061507923,-34.82775428370502,11.287701807872004
2000-10-14,-9.696203064548476,27.662367783575004,-34.92554603048442,10.044018314706882
2000-10-15,-9.8437518193898,27.588514630427515,-34.19915941935776,10.004156184536516
2000-10-16,-11.250806664185905,26.75987730063404,-33.46524462957266,8.976106449999548
2000-10-17,-10.489162074042707,26.35644600247678,-34.18144198399304,9.000075341078245
2000-10-18,-10.742172536753268,26.31742524945259,-34.968017199312186,10.354645802168752
2000-10-19,-9.771845173343964,27.437084609513352,-33.93769059922426,10.930124249405344
2000-10-20,-9.20955545331908,30.017724561552736,-34.469552203078074,12.319572596092035
2000-10-21,-9.138969318599234,31.7605665123097,-33.653325023693405,9.987737405593652
2000-10-22,-10.801454473826702,31.0700539576925,-34.70163822243045,8.976630943956188
2000-10-23,-11.34671068468099,29.54053141981693,-34.183476909610384,7.176133088352854
2000-10-24,-11.551805380712652,30.663219363697824,-35.65957117847626,7.9718131897749
2000-10-25,-10.826927630467477,30.71972092091309,-36.30481108845288,9.66313730738686
2000-10-26,-11.726533775460599,30.90018913715169,-35.46468998818481,9.506155044253903
2000-10-27,-11.938538273237675,31.50856329397714,-35.74953201938037,8.62142068894133
2000-10-28,-11.18928048070818,30.821233660592572,-36.96514733620952,8.237960173168254
2000-10-29,-10.344471745922965,30.790051949105756,-38.85327039558952,7.970777236649198
2000-10-30,-9.864995839664793,29.55539666218432,-39.50424848636396,7.7153863491436745
2000-10-31,-11.331136117444625,31.581555179054327,-39.277712302820234,7.69425500037048
2000-11-01,-12.263259816673731,31.120493947555047,-37.652116887748626,8.387695589301913
2000-11-02,-11.31234731784992,32.842863506920914,-37.18116984173959,7.178476875024643
2000-11-03,-10.455974733626835,31.62207394567335,-37.08218959456452,7.089879807207789
2000-11-04,-8.468516529736629,33.10684393265918,-38.65688953159352,7.087313261361806
2000-11-05,-9.23364096868497,34.09410388646218,-38.39100029084709,6.913787161459385
2000-11-06,-11.511324186093232,34.325046927557715,-39.18667579941526,5.591613840726597
2000-11-07,-11.465485142502635,32.5509194127154,-40.162511121388185,5.347414115976675
2000-11-08,-11.613851525399214,33.89447611500898,-39.82798772453198,5.4506600252400865
2000-11-09,-10.986846773576728,34.21114942258395,-40.34788645339722,3.45982137560138
2000-11-10,-11.947810167681968,35.630120186132764,-41.84766897358555,2.630051984282747
2000-11-11,-13.35701532222905,35.01778941738039,-42.10253306470907,1.8447717083528605
2000-11-12,-12.384878197671426,34.76954851185822,-41.06824670160109,1.1998944847816788
2000-11-13,-11.183420864476247,34.23294919641829,-41.05094845916803,0.9522060073618857
2000-11-14,-11.451054670226192,35.70611304647873,-38.94156158266267,2.688243962368241
2000-11-15,-9.583994997003801,37.027088222395996,-38.430882674271416,2.340944793869543
2000-11-16,-10.555239719578642,38.535896261832306,-37.36074482754095,3.0288812182450244
2000-11-17,-10.310741402308341,37.73782531043861,-38.10476540834826,2.713104360650461
2000-11-18,-9.9729419405686,39.3968688106806,-38.60795561810586,2.5894441019214907
2000-11-19,-10.648770536024442,38.987471692473406,-38.55584796535416,0.7817512687121098
2000-11-20,-10.546889503393079,38.30909839920422,-38.97278723985162,-1.200471977013285
2000-11-21,-10.123172197401543,38.54270840154298,-38.13475377887138,-1.1310167534713575
2000-11-22,-10.411315498648687,38.952981276261156,-38.926578986320386,-0.9736284269839399
2000-11-23,-11.305452953440291,38.74740679969225,-39.173623160652554,-0.1675048931291152
2000-11-24,-11.056273739989834,38.835507888353355,-38.76934972982518,0.2535478428986737
2000-11-25,-10.972575308311693,39.02815061091809,-38.60682934932198,-0.6875149233672534
2000-11-26,-10.262462611711001,39.16392497392282,-37.5366107328391,0.511954394505885
2000-11-27,-9.376801660825473,38.762408416586965,-38.234377170700306,-1.536312342992212
2000-11-28,-8.301214458781626,38.917988205056226,-36.41642963602009,-1.0929585123842276
2000-11-29,-8.969495238771234,38.79462676685942,-35.272352120173764,-1.4093936288577305
2000-11-30,-8.275296499992493,37.49536963083236,-34.63020281783625,-1.4501083772485788
2000-12-01,-9.178511816309495,36.79528801520168,-33.996913798005856,-0.029951834535955735
2000-12-02,-11.833839216761705,36.846580429548574,-33.750011037266816,-1.0289808301379113
2000-12-03,-14.13595275369931,35.847299247953096,-34.00422614598193,-1.5300096495171664
2000-12-04,-13.102968766828901,35.720365690701,-34.98309913088756,-4.275277476648328
2000-12-05,-13.225657787420788,37.39348604274729,-33.559793605520596,-4.583062697117522
2000-12-06,-13.087997675614071,37.914579579318,-32.39860324677634,-5.369614227781598
2000-12-07,-13.069246838188258,39.26938220284251,-32.72409621798151,-6.829079447434942
2000-12-08,-13.231607522486891,41.026269498684115,-34.945041325196165,-6.019069122591629
2000-12-09,-11.404970510441622,38.939896943391595,-37.85368213925826,-7.112438782660627
2000-12-10,-12.535758131242137,39.91794152519373,-38.860612503193664,-7.762964069918622
2000-12-11,-11.49097816180953,37.770388258130524,-39.53556698361581,-7.661078477372453
2000-12-12,-10.692346841313714,37.37918770540103,-39.26568696312395,-8.790514792136065
2000-12-13,-10.36428623511487,38.907307150342895,-39.08873928924385,-7.566743160306535
2000-12-14,-10.854124788431541,38.950378692891455,-38.29869775646654,-8.317294754376254
2000-12-15,-9.708690383335815,40.189727220056255,-39.0768699649164,-9.434414348805115
2000-12-16,-11.120465031095947,40.11869930396084,-40.17434575302691,-8.845855287004508
2000-12-17,-9.847640826413711,40.91176640362276,-39.467522294054675,-8.003612717642117
2000-12-18,-9.595322020764549,40.45169607637841,-40.55423957630226,-7.650508453567211
2000-12-19,-10.71712034694825,39.4087338980416,-38.98805445791904,-8.533700091764537
2000-12-20,-10.191458249947257,39.14752536379166,-38.723980864628416,-9.436042286305133
2000-12-21,-10.449270384056337,38.420942278829244,-38.72566341550842,-8.83543462545753
2000-12-22,-9.895651630913687,40.07095481324038,-37.35200116824724,-7.8716879264518305
2000-12-23,-9.705475799582425,39.057298860837044,-38.044552469453514,-6.160783609490003
2000-12-24,-10.019063877241244,40.820111376731276,-37.93240854579494,-5.98772573191772
2000-12-25,-10.126453765704964,40.45202451087021,-36.11569139437842,-7.547440292853862
2000-12-26,-12.18984180292718,40.55436407739928,-34.43289665317359,-7.363694756636652
2000-12-27,-13.092456847583717,41.32353863771208,-33.07631415277692,-6.124298631074091
2000-12-28,-11.935184721912291,43.29512368278203,-33.223859654509674,-6.136222041002208
2000-12-29,-13.437308521511355,44.4936559838232,-33.61686652160866,-4.002206092371289
2000-12-30,-14.264415699106856,46.50739473255775,-33.122371987948505,-5.6740516834554136
2000-12-31,-12.323851125144358,44.38742389876482,-33.77194678081967,-4.645627843604045
2001-01-01,-12.082181502944772,43.52456719470027,-35.32010254666666,-4.676741531981456
2001-01-02,-13.423845147768187,43.516808746437434,-35.96252781568824,-4.160601554669134
2001-01-03,-13.248644731329305,43.8108824609675,-37.991722648831164,-3.681705249917417
2001-01-04,-11.533082001449065,45.04155615092032,-39.12244348505611,-6.592579539271714
2001-01-05,-11.322326707200144,44.29370645445062,-38.745687923788545,-5.822250383181014
2001-01-06,-10.792005552948789,46.11347302185485,-38.501687582597874,-6.022652990054359
2001-01-07,-11.45424139280622,46.30569987932098,-38.55629296658873,-4.825434223811726
2001-01-08,-10.070739470072494,45.20719707684748,-38.410913332306095,-4.669806732489718
2001-01-09,-9.313441620086282,44.142050387478086,-36.841594843269235,-5.2664311551556615
2001-01-10,-10.00422082376947,43.45934860343194,-36.22570836112589,-6.022474204123531
2001-01-11,-10.42631868513494,42.120048032525055,-35.7314887487543,-5.29563377798301
2001-01-12,-11.16924425542256,40.61186779866727,-34.58319823958381,-6.221564962049848
2001-01-13,-11.488880355989563,41.341573560011554,-34.95988544360206,-6.881702657615616
2001-01-14,-9.657028091861317,42.025540479171056,-34.12598886058895,-5.71283158753639
2001-01-15,-12.063884691819142,41.992529977205024,-33.47056126243006,-5.029223218551859
2001-01-16,-11.089971198932798,42.65061678256949,-33.127603286390304,-4.748242979673868
2001-01-17,-12.986542875005725,43.3632843161627,-33.5831353292943,-3.869045296562291
2001-01-18,-12.470208369857094,44.01819365456028,-33.24950804010576,-4.415487292958495
2001-01-19,-12.389285111312393,44.42173454455984,-33.43078095707497,-3.29512365509781
2001-01-20,-11.509828884267092,44.68670280892559,-33.41074168112598,-1.248937883509193
2001-01-21,-10.53668177895097,45.65941256170959,-30.79666353766233,-2.3013013322996283
2001-01-22,-9.722838481613811,45.72046166537245,-30.258852841139365,-2.1881491206934287
2001-01-23,-9.666783509311337,46.74014219165109,-30.200017168890877,-3.726902240183525
2001-01-24,-7.85945907154881,47.07630972825645,-30.70179832513261,-3.0603613045586204
2001-01-25,-7.01607943505096,46.99770158761107,-30.853872260595924,-4.274459325597024
2001-01-26,-8.030742686373873,47.1847015184977,-31.805991857227227,-5.723379364039266
2001-01-27,-6.880216432249021,46.55456237303855,-31.59878410070872,-6.42744450348455
2001-01-28,-6.5207745976552935,46.53460827521965,-31.558365123377556,-6.905194693493226
2001-01-29,-7.067717611055408,47.321340344697724,-31.38023676288453,-6.405312398657996
2001-01-30,-5.710354749553939,46.32079071739701,-31.706638788021294,-6.655840158564585
2001-01-31,-5.4766700252814555,45.92455117833394,-32.39834395937675,-5.078167015138599
2001-02-01,-5.849104568482925,44.28954283055815,-33.3479538196734,-6.246235777602795
2001-02-02,-5.951223684270311,42.734691557021016,-33.068579367284855,-7.088861076636701
2001-02-03,-4.894619721723419,41.60001871246159,-32.07123049001283,-7.764403361586842
2001-02-04,-6.050656326945878,40.80669260387792,-30.72804521922516,-8.09674738478925
2001-02-05,-8.237118780632269,40.42539348285222,-31.792313587145937,-8.274616307246951
2001-02-06,-7.644835326787444,40.65239575390372,-30.64926102483419,-8.416654500193154
2001-02-07,-7.418022374398546,40.38884995703377,-31.008563623973522,-8.967568057014502
2001-02-08,-5.7039621143778785,39.76384263673267,-30.336830249167914,-9.765202773185372
2001-02-09,-5.814853533545351,41.47501062195155,-32.32652707494197,-9.483250748815507
2001-02-10,-4.764969011807192,41.12587252693082,-32.17852123242644,-9.4364039592935
2001-02-11,-5.805050590837373,42.19990722637637,-33.16071042263982,-10.464330122794184
2001-02-12,-6.078500644040201,43.07971981267495,-33.04100809458057,-12.388624646148436
2001-02-13,-8.42537122467052,40.027392557429046,-34.967430143951404,-14.093223985430505
2001-02-14,-7.8730628366116004,40.16907601209086,-35.32394166989175,-13.733229025034447
2001-02-15,-7.969265059244685,40.92120906739671,-35.47269714028791,-12.103157239629608
2001-02-16,-7.121786726551512,41.70347562048167,-37.135764919342,-12.391265691321586
2001-02-17,-6.5190399824624965,42.45374511717073,-36.486984319620596,-10.533121052078524
2001-02-18,-6.8287249682878866,41.90450838694527,-37.16012599304004,-8.931284847134908
2001-02-19,-6.8935619581087115,40.6357091901653,-36.628752661743505,-8.976965984338989
2001-02-20,-7.973959391643026,38.59448610467423,-36.871886439610186,-9.689751210330456
2001-02-21,-6.755022018117259,39.870180840132534,-37.706410723646165,-10.89686018014202
2001-02-22,-5.015517209984251,39.780236879455536,-37.20207697537854,-10.819573124213214
2001-02-23,-3.3828063606751653,40.067409631640864,-36.556122100453216,-10.04641536121781
2001-02-24,-1.5320902342350824,39.975664939199106,-37.7689366390853,-10.702398786793552
2001-02-25,-3.3184731596618904,38.3837252959439,-38.09535353080165,-8.638614595953541
2001-02-26,-4.377553577474785,38.12890587623763,-39.364269055897466,-9.038863173397862
2001-02-27,-1.4346704557112449,38.26453273216783,-39.59246115899234,-8.493540088741232
2001-02-28,-2.277757542143678,37.75151060296019,-39.223134538156636,-9.453695078720463
2001-03-01,-2.4363604869980917,36.755292340454524,-40.008041507422746,-8.641435787658887
2001-03-02,-3.4990785000631828,35.2335481355191,-40.2400060990039,-10.298783259002901
2001-03-03,-3.8024402246542754,37.21014704758795,-39.627484028939136,-11.432677755293764
2001-03-04,-4.291714554341039,36.867476403623435,-39.36861468268587,-10.084341969421303
2001-03-05,-4.1439685043584635,36.00609966452714,-39.81414817276903,-8.839443438254335
2001-03-06,-2.4729473947222127,34.92859383388434,-39.36805064465925,-10.13774020703249
2001-03-07,-3.5830621906236946,34.15967226467768,-38.0981343361788,-9.967722774235074
2001-03-08,-3.8126698071199203,34.512491729079585,-37.394352567730486,-10.786354578337372
2001-03-09,-3.299324287816805,33.55502816578776,-36.15650611056607,-12.323318413648481
2001-03-10,-2.468076775022347,34.553718847025124,-35.15015902749078,-12.76294641070657
2001-03-11,-4.285890453541429,36.395028657824355,-32.90681925919759,-12.578830052879418
2001-03-12,-3.989558127718344,37.314242950187484,-33.37789088620972,-12.711047011133584
2001-03-13,-3.450046390674159,37.18650703575017,-33.16891541061445,-13.790382063623806
2001-03-14,-3.890163488260364,38.31900871801485,-33.352898706695214,-12.658456685206268
2001-03-15,-4.010869193595266,38.46718079485675,-31.903701622443165,-11.923909477169907
2001-03-16,-3.6267893778324027,38.12790953681183,-33.331918323931525,-9.943274653965908
2001-03-17,-5.05839406575077,38.969725320997064,-33.195037967167345,-11.09645569384031
2001-03-18,-4.412636944136005,38.90029480047255,-31.902148129762615,-11.374918743960079
2001-03-19,-4.286460808010111,39.55065686512738,-32.276321906630365,-10.605019174660256
2001-03-20,-2.552168027312851,40.5453586190753,-34.7561723540841,-11.059419624005306
2001-03-21,-1.8267716375827623,39.467255817045306,-35.21159946217576,-11.061802276515317
2001-03-22,-0.5921336278517422,40.606134357811435,-34.1961233545689,-10.6037205224289
2001-03-23,-0.474111763164877,41.29210597949461,-34.892775023713114,-8.908433797211949
2001-03-24,0.7161651676504095,39.81994303678263,-35.396075898655454,-7.365615262764325
2001-03-25,2.34079403025994,38.73717792082482,-35.32607052901211,-5.603617867536407
2001-03-26,2.8087301640670423,38.76312154841251,-34.22677625621349,-5.462880788976559
2001-03-27,3.585034421473395,39.734980152185614,-35.534732299789475,-7.096229033357458
2001-03-28,4.777635540357472,39.82026360882682,-37.3753417424053,-7.993549227805628
2001-03-29,4.387640468180339,41.06678773060294,-38.15555648486829,-8.285367422081281
2001-03-30,4.098472453519526,42.70727334993317,-38.99198260640886,-9.586736631215828
2001-03-31,4.3105145398336795,42.58782951116754,-37.48538937203177,-9.436662241193225
2001-04-01,5.333868753855291,42.13394358450159,-36.58520131352226,-9.98871017271377
2001-04-02,6.3353070281600745,42.75145686268092,-35.91438828057121,-11.305318472729818
2001-04-03,5.984976821938857,42.09350660525918,-35.65362278885642,-10.209252522617273
2001-04-04,5.526287892586101,41.66362464380021,-35.85315615442531,-10.52073168951269
2001-04-05,5.23172576623128,40.36723553953047,-35.873743821766276,-11.755744588028811
2001-04-06,4.341323430875928,39.82314820769627,-35.10738721124093,-12.213868365501188
2001-04-07,4.73057126426429,40.45371750166519,-36.08401971612904,-12.233077833034999
2001-04-08,2.7180131891230794,40.515904235410126,-36.42966917774146,-14.227521748099033
2001-04-09,1.3796012656380434,40.07054895954489,-36.81557698501119,-13.714207767956498
2001-04-10,1.6560831444482425,39.88794665538605,-36.4152471707777,-14.63433434172674
2001-04-11,0.6564131706270324,39.57256840085722,-36.61905235906882,-14.994723678357996
2001-04-12,0.5682954594227334,41.04642100127888,-35.12812869907187,-13.61156156975963
2001-04-13,0.38796501817126294,40.358093617521504,-34.920953842223135,-12.741912387026998
2001-04-14,0.4067367267196246,39.88758369248575,-35.61267605211616,-11.625731239917812
2001-04-15,0.43686208894065576,41.69932646458597,-36.56926119191539,-12.830300277768368
2001-04-16,-0.8648657681704071,39.91305060095326,-37.585007930523226,-11.74248438264966
2001-04-17,-2.1260217299503616,40.61126027371399,-37.78706071376943,-13.032355063216126
2001-04-18,-1.6590307497160082,38.51147777328437,-37.42871601739412,-11.321374074531912
2001-04-19,-2.9916075663620116,37.530192064220316,-37.98888986682417,-11.95542042737494
2001-04-20,-2.376620244230678,37.25857556913323,-37.7948330964706,-12.384732784872686
2001-04-21,-0.6228084429106524,38.288984658490676,-39.18107222870665,-11.495680480260186
2001-04-22,-1.0746852430115004,38.29276078314988,-40.86236276797067,-12.19949294090888
2001-04-23,0.2498612726547189,37.54174130961609,-41.39329094418109,-11.072243449713804
2001-04-24,-0.35166584361558995,38.19731244801512,-43.64933567310471,-10.9361101683858
2001-04-25,-0.5002711024526542,39.400147798169925,-43.10040183759543,-11.260228726041127
2001-04-26,0.08063501121747862,40.77472927857036,-43.74296524239274,-11.559526428158913
2001-04-27,0.1936247964798029,40.83842295651903,-43.73544967396612,-9.835776646155427
2001-04-28,0.23455498183922938,41.10645473797992,-43.71830502287258,-8.093243562713315
2001-04-29,-0.3150260524890426,40.511193640195046,-43.279446735671264,-7.163868485135881
2001-04-30,-1.1347658511267844,41.35683295710444,-42.95613330446007,-5.5743263847902345
2001-05-01,-2.7315373249709425,39.99994800999204,-42.935076555166034,-5.550901284095169
2001-05-02,-3.3992800733166737,39.59488379242063,-42.99444513520288,-6.656691903931008
2001-05-03,-2.6906941010587984,38.79209989067262,-42.47936188328096,-6.637800271085043
2001-05-04,-3.1458751919667156,41.133648414242906,-42.61598347408798,-5.882699618364259
2001-05-05,-1.8450818723930955,40.66021904521106,-42.97191801788009,-5.312791976356808
2001-05-06,-1.8241617856277346,38.70747881958043,-44.70041250185649,-3.392596022452733
2001-05-07,-1.0619387800443492,38.74152581370382,-45.73540230141067,-3.963378470725194
2001-05-08,-2.003651029758416,40.704092890754225,-45.32535363781939,-2.286943640298678
2001-05-09,-1.2349661878019083,40.77561816521285,-45.129174979424974,-2.187648162343197
2001-05-10,-1.8997234917728738,39.76374818418275,-44.48832043255777,-1.7254774102586845
2001-05-11,-2.285693946914303,40.266117790804756,-44.559542671691084,-0.6151714983226495
2001-05-12,-1.693109207854898,40.01854999034292,-45.2204686185305,-0.5686436739751964
2001-05-13,-2.5804974810713346,39.68715002379899,-44.87975058914938,-0.5392520185271188
2001-05-14,-3.372920833896544,39.600081832324044,-44.61161055834936,0.8502234225573801
2001-05-15,-4.310168515994478,39.8588122385107,-44.45084263256881,1.326576367073648
2001-05-16,-3.7907015044176475,39.675322573852135,-44.66252489555944,0.3056723417481588
2001-05-17,-3.6869468700596824,37.197395072212935,-44.298762724098665,-0.42077329721251644
2001-05-18,-2.887082854566807,36.219596302942996,-44.4830015886956,-1.2431622837707326
2001-05-19,-2.862703306943007,37.536812541136705,-44.97787507279347,-1.355424539879985
2001-05-20,-3.3846368105677103,39.09028431290635,-45.063003331679624,-2.9436066121820033
2001-05-21,-2.0464391845849788,39.07993654187318,-43.9093594080482,-1.0709244030679086
2001-05-22,-2.410363235055147,39.2748026436752,-43.045960680557364,-0.7135973776652582
2001-05-23,-2.9936402497768877,39.17752689845221,-42.26773571026775,0.42097971967616243
2001-05-24,-3.6488400891086274,38.27131655521116,-43.04327572478705,-0.7535987916590201
2001-05-25,-4.2487906131606445,37.723908578197616,-43.02512940624432,-0.9343388303074152
2001-05-26,-4.626621657534569,38.12503884249005,-43.53143112880652,-2.0940128307574652
2001-05-27,-3.404631075117096,37.199116902653465,-44.22495990058213,-2.2659896424958617
2001-05-28,-4.153310703741509,35.923689903721396,-44.0421840091506,-2.695990171790866
2001-05-29,-3.77113615762058,34.372674711908125,-44.725846519148966,-3.2757110376904923
2001-05-30,-4.220239287426515,35.40553234507681,-44.37215653474318,-2.0864855122210653
2001-05-31,-3.8233122255534333,35.2412596257554,-45.06236659219728,-3.2612333094678307
2001-06-01,-4.301875974209716,36.00565337115577,-45.646894221469985,-1.1364863813571775
2001-06-02,-2.3487677787929093,36.65520716100578,-45.58620575065809,-1.7319438670114526
2001-06-03,-3.1555961594150657,37.31204071146214,-48.11034223826242,-3.057346065237696
2001-06-04,-3.2265924615470025,37.06271152818202,-47.881674657735076,-3.5479831381338847
2001-06-05,-4.440819268639891,37.6400442335038,-47.844093287829786,-3.053119747266463
2001-06-06,-4.934313153986201,35.995907947498445,-47.73171063924239,-2.803059383526017
2001-06-07,-5.78506838225786,35.56563487967331,-47.71449955205431,-1.6709161815103122
2001-06-08,-6.720943787838234,35.961411955855624,-46.97679071795015,-1.6420535268109078
2001-06-09,-5.949528021704066,36.61124126382678,-48.47433281876723,-0.4480932401520883
2001-06-10,-4.031894633107344,38.20928936900709,-48.97278962276018,-1.2869773748185305
2001-06-11,-4.014380851406038,39.09276919602435,-48.11971487020404,-2.186990370858291
2001-06-12,-2.6736656944213824,38.27899152897013,-48.60834426122108,-2.744921549875069
2001-06-13,-0.4716402411006593,37.70614011632733,-49.232683801899576,-3.437809850926593
2001-06-14,1.6927569153476765,38.981281959043486,-50.012589711100496,-3.1877093740449896
2001-06-15,0.6634995421605487,37.805723490606965,-49.81822356457836,-4.7155076908831
2001-06-16,-0.5150357417692537,38.07073072982677,-49.629121405579625,-4.439622618704312
2001-06-17,-0.48524064143412093,36.086219663633976,-52.283466869687125,-4.8903717631856765
2001-06-18,0.4209610975839343,35.77724893986304,-51.33225846638076,-4.271382568040018
2001-06-19,1.9926133306101224,36.534221022002235,-51.1453917159594,-3.4657292819250927
2001-06-20,2.2516420979160197,35.83484931467974,-50.30872405675317,-5.123755134745547
2001-06-21,0.525552195376118,36.545568269456616,-49.91555925634343,-7.2516056666436395
2001-06-22,-0.07027719784812791,36.62086606290889,-50.17244240650752,-7.390959468107867
2001-06-23,-0.8470353623891634,37.327224190624044,-48.303881202615614,-7.734329964710118
2001-06-24,-0.8511255192202364,37.61905841396479,-48.35523123255766,-8.09593957279247
2001-06-25,-0.44673911921381027,38.071864061096875,-50.65047560557784,-8.065637211483383
2001-06-26,-2.0481398077846467,38.25732438071789,-51.245935415429884,-8.025917332270186
2001-06-27,-0.753348424833888,37.80588026362595,-49.878680114785084,-8.419066623103145
2001-06-28,-1.451766445514227,37.93250562109407,-49.160627809949304,-6.851091048221663
2001-06-29,-0.6108887685622969,38.82198931811971,-48.47625010070989,-5.240445985055053
2001-06-30,0.38354517980055136,38.35038967356991,-47.5209030536232,-7.156352081299893
2001-07-01,0.9516953831627959,38.15445620110981,-47.80020979262142,-8.519944785890324
2001-07-02,2.656011001751879,37.94329570752682,-46.09521319042211,-9.166060812714395
2001-07-03,3.2733034724373313,36.65170370130066,-47.44473940873577,-8.009115728799953
2001-07-04,3.3185647296633434,37.444021795415466,-49.8260397391171,-7.271857721632563
2001-07-05,5.03338903913707,36.61802719424678,-50.6729556771878,-7.157063538411525
2001-07-06,6.034864901495176,37.23265133609161,-51.11331139128758,-7.567222857674036
2001-07-07,5.22903621721374,38.579966367903566,-51.08246502775627,-8.244871232680836
2001-07-08,3.883298756443949,38.53358890589653,-51.260515628274334,-9.095861415820101
2001-07-09,3.4672404114001143,38.206638717151606,-51.214258177773,-9.223994579200127
2001-07-10,5.682365900750842,37.86085616951776,-50.633807965623426,-10.075012264304197
2001-07-11,6.849767664268055,36.602869881190855,-50.71973202354296,-7.986148991199551
2001-07-12,6.116338051320378,36.78114382803469,-51.67730509867004,-7.692084109368318
2001-07-13,6.4328329081287645,37.40872801278813,-50.336272490140125,-8.35630100185593
2001-07-14,5.307712579177295,35.68465051373408,-50.256684577877735,-9.522811590427535
2001-07-15,4.136717278276182,36.10446567478495,-52.0859487766141,-9.739776727913833
2001-07-16,4.261541317116037,36.79071562581188,-53.76551090905983,-8.218696415125219
2001-07-17,5.928330240194734,35.04625658471415,-53.91175885290298,-9.378536693107156
2001-07-18,5.268599335675477,34.0575545976717,-54.28913673995595,-8.486170264619561
2001-07-19,4.667179042962043,35.84261674784342,-55.30490527400163,-8.032150929456346
2001-07-20,5.1921197163154815,33.9985456705848,-57.429262810482676,-7.4348945246569205
2001-07-21,4.492591884200958,32.3101905144715,-57.11133887235817,-7.626960104200399
2001-07-22,2.6270478779612727,32.533070703168505,-56.36422223464056,-7.079972749675655
2001-07-23,3.3558958225213527,31.497310491258222,-56.605052367049055,-7.417957064778907
2001-07-24,4.998069381606016,33.58098825057549,-55.94165397441884,-6.739856144578987
2001-07-25,5.213696215732567,33.41435860944626,-58.23372661139898,-5.632555510534239
2001-07-26,5.438061985507261,31.68247320897426,-58.7010493803158,-5.347772213856096
2001-07-27,4.39380090767733,31.266107868021326,-59.58519060110303,-5.845112187142306
2001-07-28,6.598440731398793,31.23417438168486,-58.65524562749391,-6.450637836937424
2001-07-29,7.308336136026763,30.602280362667486,-58.85206992114185,-5.343898321574044
2001-07-30,8.633256054649914,32.79407624059952,-59.70271637662258,-6.713030056175832
2001-07-31,7.309635970446387,32.397637516717495,-58.56567007783564,-7.031152322187408
2001-08-01,8.055401316201003,31.112818214994505,-59.04198160658801,-6.205405527749444
2001-08-02,8.467201356243825,31.121155601072765,-59.08840501862803,-6.3700131446473796
2001-08-03,8.743684104844418,29.641931269373835,-58.30642344962738,-5.323603844871508
2001-08-04,8.050446854731,28.178047811044284,-57.57578260156218,-4.283429143761878
2001-08-05,8.634629874596515,27.774777457244078,-60.637728671587055,-4.286870555249897
2001-08-06,8.357046429463418,29.291932065073286,-59.71981207674912,-4.05650930246038
2001-08-07,9.44811355315754,32.130559068996966,-58.852763495783066,-3.33468268972359
2001-08-08,9.285569050681605,34.183209313075864,-59.373131903432565,-2.850740023054761
2001-08-09,9.668340871115435,35.22715680126024,-60.202717675116595,-4.089591610438005
2001-08-10,9.3389184178658,34.319150624897844,-58.29311461787445,-3.9116007286839487
2001-08-11,10.43643804525016,33.14404832390233,-59.19376195194431,-4.226968519596465
2001-08-12,10.022942212626306,34.33434251958117,-59.54443489388071,-3.5845263754834416
2001-08-13,9.590950887288034,35.767188243534086,-59.24078938890386,-2.9417288704531988
2001-08-14,9.619182339002597,34.39995700442927,-59.722410320669894,-0.4079346794466554
2001-08-15,10.961701152293204,34.48300074057026,-60.25117550811212,-1.669106530201235
2001-08-16,10.833563244232117,33.06713615743241,-60.072699104589276,-0.3639380294694483
2001-08-17,8.799476312398259,33.411308197133586,-61.83193429893659,-0.6110146759945443
2001-08-18,8.937064377486575,34.82566327677453,-61.39570076811079,-1.672486071203918
2001-08-19,8.180901460017774,36.7058305922009,-61.042594087765835,-2.214634571611163
2001-08-20,8.029420213620941,36.40145703863721,-59.66995196355915,-2.9902605458551834
2001-08-21,7.585968497310907,36.24904608623559,-58.7155759924233,-2.9315141672317173
2001-08-22,9.096776733051282,34.681061484360406,-60.031634180711315,-2.8245951097465913
2001-08-23,8.957586633601526,33.8655344485934,-60.34536815507696,-2.1504864495566163
2001-08-24,9.476159594472579,32.676025582455495,-59.91178563105824,-0.6681841183605022
2001-08-25,9.465113686048106,34.740153753277035,-60.83894732115598,-0.3204677846747272
2001-08-26,9.068084667880592,34.2284721388842,-59.10676919638664,1.8447347670539291
2001-08-27,10.816660143698241,33.75070706419635,-60.1685622226344,1.8916539400912424
2001-08-28,8.354860445591479,35.41494121590029,-60.52263705980677,1.3750927462261928
2001-08-29,7.559889662783928,34.49624611084104,-60.108019306511835,2.2663776163527425
2001-08-30,8.205649960519828,34.56028213821574,-58.80408372564917,2.4866926437068453
2001-08-31,8.64508354165757,33.83034086353576,-59.965979920138004,2.4162969711837032
2001-09-01,9.232961541953834,33.121950900532354,-59.94222143153317,2.929578255104775
2001-09-02,9.328958706887297,32.062755771384595,-61.131423898433674,1.2732800884247282
2001-09-03,10.135892282093142,34.56073953829865,-59.953385028694875,1.6559531656077544
2001-09-04,8.964893619798849,34.88496915424874,-61.34713913497889,2.142906529259675
2001-09-05,9.578693397482335,35.295001495820124,-61.04798584334559,3.7827475465944342
2001-09-06,9.636399676477772,36.274946335432645,-59.57618490783983,4.5472757628228315
2001-09-07,9.067243028161366,35.45119334954805,-58.488084091005966,5.143297569560051
2001-09-08,9.468106421340298,34.26142640702253,-58.81389759456143,3.9108783492761123
2001-09-09,9.082896843980691,33.67483613047881,-58.36431018924239,4.752208417371512
2001-09-10,7.847261145356511,33.11225247562263,-57.96398571780568,6.386941619394851
2001-09-11,7.717799147514657,32.2734010909255,-57.88812526827478,7.438837459318469
2001-09-12,8.302369573229257,32.55935781888234,-58.15520391623377,6.6191849649925025
2001-09-13,7.370411624902547,31.74985901599294,-57.319435960688594,7.140045704084342
2001-09-14,7.188222313583367,31.565184295187073,-57.26842597096357,6.812184244062602
2001-09-15,6.9707132751654495,32.28025767313449,-57.1458844486172,7.055349184865068
2001-09-16,6.895413398445098,32.47995255248616,-56.66718432258815,6.931269267554779
2001-09-17,6.851181453108911,31.84268820189914,-55.55267491907434,8.612215641071797
2001-09-18,8.284778221143798,31.092374228476846,-57.1643518348913,7.040974995625893
2001-09-19,7.804730204203478,31.144576085089746,-58.834236778123305,7.835771999338604
2001-09-20,8.598528288236722,32.36970802512851,-58.68625643280288,7.714484890579421
2001-09-21,9.072524816773965,33.126239171343535,-57.80664726135388,8.10210999987967
2001-09-22,8.03632790639039,31.21509194715356,-58.8639152403316,8.3741484253874
2001-09-23,7.925364877519103,31.131650988149016,-58.39707152893216,8.249900989695911
2001-09-24,10.646073274448122,31.743901023639907,-57.018316303546584,9.404903549305976
2001-09-25,11.107724302258795,31.583184826841517,-57.552934951906735,9.252987786139924
2001-09-26,12.150883707764658,31.27032287937777,-57.33305021179517,9.50612194965568
2001-09-27,11.669750249136253,32.79271040218274,-57.90745102427021,9.459344305304938
2001-09-28,11.453742690571167,32.393946155262924,-57.79913502287928,8.97335836337487
2001-09-29,11.408760655816783,32.90163324479931,-57.69353941205175,9.85177152279295
2001-09-30,11.312454755686982,32.95406749557171,-57.26089903611656,9.408763664888957
2001-10-01,12.066194367312178,32.86268444716524,-57.53694879252788,9.616823358393182
2001-10-02,12.069987872443022,32.262887791976205,-57.12124371288057,7.879683201704389
2001-10-03,10.663801609497364,32.09291839883543,-56.37780865747841,7.970396636145336
2001-10-04,10.693034340788994,30.309488417078065,-56.5681991458949,6.537777157075246
2001-10-05,11.22558478371234,30.643788633133518,-56.22193036329022,6.069017101144323
2001-10-06,12.086623834241559,27.40004884327202,-55.69378129002808,7.535010899676442
2001-10-07,9.1753059894023,28.245498007732223,-57.25036128487242,7.525180070585706
2001-10-08,8.742716031062312,28.388378606795296,-56.975229239180415,8.22499195271964
2001-10-09,8.640997542023799,28.53765894583691,-56.32840817855096,8.068195305723872
2001-10-10,7.858342961998086,26.99549963536133,-54.498656049257015,8.483662320291856
2001-10-11,9.654680266724824,28.43027653957586,-55.31452035361365,7.5726627179473125
2001-10-12,9.577753444893865,27.529129170345826,-57.811032927282426,8.19708771674807
2001-10-13,8.812769413613594,26.5221475636101,-58.68995489551256,7.88781742736233
2001-10-14,8.995100059079622,26.83173356076896,-58.10476450924821,6.925860211642206
2001-10-15,8.89646434395367,27.187034224947823,-58.760610837681845,6.429805432085868
2001-10-16,8.078490162367206,27.71813135968811,-57.48053943977698,6.164157801923173
2001-10-17,7.251146860082013,27.80828821837748,-57.8062188726666,5.677395847484559
2001-10-18,8.409853213001472,26.347064084313132,-57.81082453124828,6.368860347154086
2001-10-19,8.346222425228211,27.159693040082914,-58.910102997654995,5.171751487989615
2001-10-20,9.422196468241252,28.16820348381009,-59.80217979776441,6.099416025925685
2001-10-21,9.97457355088037,26.872143659036368,-58.984180705624865,6.923892801983209
2001-10-22,9.48932588736048,25.33505384610004,-58.40160021308201,7.645315595982533
2001-10-23,5.62139182014095,27.11848287210829,-58.289835956927945,7.154073698033299
2001-10-24,5.265711171688807,25.988720554047113,-57.9128078674387,7.108152964931131
2001-10-25,6.037561971119134,24.699804897725603,-59.005020768780774,5.765157260227768
2001-10-26,4.866398847848959,24.96816515053482,-57.72927950674957,5.30731602820678
2001-10-27,5.632064274870625,24.03639429589748,-59.588625467791836,5.611327273574567
2001-10-28,3.9406649129966853,23.213045134811043,-58.92214960621803,5.1483363598260174
2001-10-29,2.7063150104470983,23.400751318492627,-58.88262767856138,4.852554843959646
2001-10-30,3.1819121302025835,23.486842437689024,-56.81869078699858,5.938515713921778
2001-10-31,4.864677661861781,24.030997598012487,-57.61214429857368,6.439011700634278
2001-11-01,5.4066250301605585,24.821498737546438,-57.950084476780106,7.465427060887705
2001-11-02,4.040015379421205,25.896229189304297,-58.025147792933154,7.83017956431266
2001-11-03,4.829596251229074,25.148930370007427,-58.35428717553837,6.716999239709089
2001-11-04,5.330188158619676,23.156314976094734,-58.62009179804863,6.2217001434884045
2001-11-05,5.403412060694731,24.857877238044036,-59.30314225159398,6.522630086024214
2001-11-06,5.759355062048757,22.184705079957503,-58.424707081117596,3.0958166214037415
2001-11-07,6.074352204950954,22.771746773121855,-58.98820160338926,2.0890635602388032
2001-11-08,6.044347435204628,23.26376699015274,-59.89274395237409,1.7397183845482032
2001-11-09,6.566321154664812,22.618388686775116,-61.159184301862275,2.6187168438126722
2001-11-10,6.04344004311767,23.82988232418794,-61.07963397283663,1.3137569261977307
2001-11-11,7.772471953994943,22.914029499400954,-60.56762420481239,1.188110307229589
2001-11-12,7.5239851636414805,21.02976157800038,-60.005126354251594,0.2944192814319827
2001-11-13,6.374180703111614,20.74850664267839,-58.799118198428125,1.3197148985897682
2001-11-14,5.386597169323037,22.359016818269,-58.88794599568537,-0.4301077163373017
2001-11-15,5.778042120051683,22.434935375350737,-57.531923168899446,-1.3050198517800853
2001-11-16,7.141299886917217,22.218688676363133,-58.096526017691424,-1.6371348122682527
2001-11-17,7.061816530621513,22.686817147024158,-58.46223457024621,-2.5838295227211487
2001-11-18,7.240521580444914,23.03002008034993,-58.359180527309924,-3.159252951409564
2001-11-19,7.688824669092539,23.70393478694327,-57.61215259205303,-2.0445366936850773
2001-11-20,8.135242680924126,22.399531488082275,-58.24182739355086,-3.621945303926982
2001-11-21,7.220097273680239,22.089356723977904,-59.3382456345617,-3.1005653361583736
2001-11-22,8.362765849057702,21.822887881907548,-58.39511708950884,-1.8955356727856654
2001-11-23,8.824872190845568,21.83114004593777,-57.93291253178544,-1.6372209898997907
2001-11-24,8.812467534325885,20.624627706144558,-56.92661588487107,-1.1558951879799033
2001-11-25,10.864782625537257,21.299223187303607,-56.41259910568375,-0.5071327787167869
2001-11-26,10.632952533395386,21.246395611369206,-56.715177787009424,0.30076510332805173
2001-11-27,10.819469155882707,20.75100938963715,-56.61435107767108,1.679875893948798
2001-11-28,10.598246854568936,20.63487690911548,-56.64253442545862,3.0700148513411785
2001-11-29,10.471213529301645,20.17891376123006,-57.89290321323629,2.031349113786332
2001-11-30,10.884674219992405,19.57641882727266,-57.95018495104301,3.0299215446145102
2001-12-01,12.155587136622914,19.593251629094162,-58.13518593091536,3.9885080437090403
2001-12-02,10.779757952635332,20.86402224072137,-56.87993844998673,2.233835234464313
2001-12-03,11.657879630575229,20.32707607695097,-57.86499003825058,1.06964527751201
2001-12-04,11.649462156555323,20.81814975314121,-58.6783008704937,1.4579689355309582
2001-12-05,11.189045053989851,19.935291477540037,-58.385775841741314,0.7145966055753691
2001-12-06,10.91156203055164,19.547007880608145,-58.24182894293131,1.755776365725482
2001-12-07,11.483960542056499,19.729329859642288,-58.78220072050129,1.5747662359922472
2001-12-08,12.231369362779125,17.34749655764967,-58.378152341070766,0.6608536172574061
2001-12-09,10.590929302814002,17.286507805226805,-58.298720416209854,0.26714760925575964
2001-12-10,11.468735891596664,16.24830768958144,-58.26005231019982,0.9742709231473988
2001-12-11,12.24715340093871,15.232767956463828,-59.66789362647925,0.7284889259343025
2001-12-12,12.18275557752898,15.722176303541621,-61.23589516965656,2.5368140337249456
2001-12-13,9.362524334871509,15.133629566126915,-60.52531687263732,1.7890880662023392
2001-12-14,10.252011828492325,16.013602339703983,-61.03138600007264,1.949638903769536
2001-12-15,9.773163573636449,16.644343597004042,-62.02579979341394,0.8950822337394231
2001-12-16,7.978150741762148,16.889398450355202,-62.50166905351105,1.3684312114343302
2001-12-17,8.961475501045294,16.138477280807066,-62.42044350559372,2.4829978581732783
2001-12-18,9.851967948935815,15.934478553371505,-63.330366693838954,2.2138948519448456
2001-12-19,9.894375619907663,16.346944539805634,-64.32867068182567,0.8755659242904548
2001-12-20,7.768324299960936,16.000548585629733,-65.19375621723749,1.2900592686377406
2001-12-21,8.516505450876265,16.811322180316843,-64.84014244277564,1.2593684440473698
2001-12-22,9.176239976242197,16.2423442938982,-65.21262985498629,0.36744768616664514
2001-12-23,8.011729926548947,15.849045901024496,-64.98886510635872,0.5690407230376562
2001-12-24,8.245278217081381,16.89424764901009,-64.06665310439597,0.5646392297431978
2001-12-25,8.074951131948293,15.899942821453406,-64.57247671400155,0.6678783186996999
2001-12-26,5.728209351590808,16.732189634190192,-63.245200225394875,1.0173635553274363
2001-12-27,7.0905919786873355,16.767774292096064,-64.19328195312193,2.4550171871305473
2001-12-28,7.781941187645409,19.122944424005322,-63.08484833939623,1.599146875257021
2001-12-29,6.21531160802064,20.427617546887877,-62.57439705571426,1.9258005577210842
2001-12-30,5.479569927926729,20.486235819322523,-62.54207075596571,2.7108463332721398
2001-12-31,6.525379781256698,21.356803622928396,-62.90219641016951,1.2326202967968451
2002-01-01,7.542507614853228,21.08621458485969,-63.514094418557114,-0.13334175084258426
2002-01-02,6.623439221782687,21.79055777480773,-64.72946060846367,-1.7091090170389094
2002-01-03,5.177346373761476,20.632329779807968,-63.95249646507526,-1.6712532132376443
2002-01-04,6.218871549220597,20.982463483048857,-63.97112353431925,-0.6672727491124057
2002-01-05,6.066365874210712,21.218432181228735,-62.951711309291404,-2.454910867730718
2002-01-06,5.749445460358103,20.874197093860378,-61.062078876304405,-3.6353180347581326
2002-01-07,6.376670073186731,19.44148248392828,-61.55952470055426,-3.9407295065622736
2002-01-08,7.857982315944037,19.709591565896336,-62.04274205392705,-4.461972251225657
2002-01-09,7.011375939594575,18.772822625480465,-63.957184220242205,-4.717283991658055
2002-01-10,6.569533637362712,19.4328708044336,-62.238068250783925,-3.4242189614275427
2002-01-11,6.136636748465113,17.71320063913658,-63.57666279908745,-3.239126731493476
2002-01-12,5.810841532860442,17.040085410567507,-64.94426402571983,-0.9361217277665559
2002-01-13,5.545742703415574,19.310478359010364,-65.43630525541056,-1.5753160920525557
2002-01-14,5.951682270446044,19.215550327185472,-64.61634681228398,-0.4418321028574248
2002-01-15,6.04666885935039,18.730778885539877,-64.34093381767265,0.6295142175219961
2002-01-16,5.447354364543945,18.876081080212067,-65.11951699729309,2.3296280525823945
2002-01-17,4.6190402213390875,18.605712930610366,-65.29859992125496,2.7351732165805283
2002-01-18,5.176024775833166,20.093596460032984,-65.11732319188337,2.1086848757591343
2002-01-19,7.430639688472846,19.54356300039968,-66.69346438676367,1.833595309594674
2002-01-20,8.047492375438113,18.99752355205368,-66.38805113775851,1.9937516346922322
2002-01-21,7.931150852348953,19.18544434035774,-64.59949563413574,2.166902020633015
2002-01-22,6.5116227261152915,19.52352131697897,-63.522724086036845,1.4008646152411997
2002-01-23,4.90397193112801,19.268535592191146,-64.53032699693053,3.386983493322446
2002-01-24,4.98946920038459,19.740854883202417,-65.61314763684705,2.6891831372651396
2002-01-25,6.3177024258160355,19.784899997407248,-66.44920719161846,2.04581970636316
2002-01-26,4.568539572511044,20.426699624460284,-66.89103399544842,3.051899586742179
2002-01-27,4.846514729622344,20.373193207788017,-65.19610625147048,4.461760566729231
2002-01-28,4.1689899915729045,20.651232338883393,-65.49346936746709,3.7187299779865466
2002-01-29,5.768035738791294,22.91115406784534,-65.73801913968828,1.9322580358396229
2002-01-30,5.408881904278888,24.475565349703533,-64.71016661394873,3.3772025431914967
2002-01-31,5.1243399878462625,23.5626404789154,-63.465268823997675,2.6549547048917757
2002-02-01,6.351744741513574,23.49185701381798,-63.05429723923254,3.208571961290153
2002-02-02,6.302801245908356,21.213185745712163,-61.5430789351366,3.7115260664073775
2002-02-03,5.591257924778884,22.40086738925301,-60.855434338247846,3.5623662895172648
2002-02-04,5.395171618295369,22.063373737524945,-61.325574128773,2.5212090625579737
2002-02-05,5.824351945433857,21.41846194882227,-60.394730031364354,3.764665420547828
2002-02-06,4.518389754098705,21.12505087783658,-60.769553805479255,4.217973923664423
2002-02-07,2.7780212953187133,22.488162472208597,-60.415193627705676,5.115799948440603
2002-02-08,2.9763610520035915,21.19248204303959,-61.70570212017118,6.49327961872595
2002-02-09,3.2073666049690153,19.64344114607522,-61.23859568917569,7.4156057735453045
2002-02-10,2.4430294379678714,19.72010048968132,-61.58671761560123,8.170683908783856
2002-02-11,0.9876361960469624,18.810137249923425,-62.62694205563684,7.797923057400273
2002-02-12,0.5523942959379202,19.58648345344803,-62.213851551329874,6.8457523455394185
2002-02-13,0.10593199906765988,19.584755271809335,-62.28270182115872,10.247941849282242
2002-02-14,-0.3907219930505745,20.705291117075024,-62.244688233398406,10.105613309596022
2002-02-15,-0.36244216348586844,20.2593329386921,-63.300915444815956,11.174782243906092
2002-02-16,-1.139434296793375,21.467140106725566,-63.09054173294019,10.958401349585337
2002-02-17,-0.8174599530478904,20.546095758176435,-65.60072626965902,11.76727840883501
2002-02-18,-1.2541859252419134,21.21864323010355,-66.1185032518187,9.941539233775522
2002-02-19,-1.5270858976726402,22.21871090085271,-66.34295126272619,10.361230939064102
2002-02-20,-3.9567894943386213,23.730895871521643,-66.19023642955007,10.027096117925922
2002-02-21,-4.4782521347001,25.705021138518735,-65.97957910034853,9.93135331319255
2002-02-22,-2.618820178044187,24.153429476519232,-67.15716498708224,9.614513097478108
2002-02-23,-1.363643635657187,25.741513126539953,-68.85159603202946,9.797047438155056
2002-02-24,-2.277398105041999,26.442782185734142,-67.76596775712976,9.610618816141553
2002-02-25,-2.493049853569738,25.424587043368085,-67.36413031173936,11.462928464720456
2002-02-26,-2.663292584197858,27.337942373067992,-68.48849388638648,11.975463590771191
2002-02-27,-1.872827485846623,28.78901642094773,-69.07859305272363,13.827249180474857
2002-02-28,-1.3071203860150415,30.56146311386693,-68.70590775242306,13.189413298035877
2002-03-01,-1.4728304119088824,29.46893729756107,-68.31388365754432,14.78037288339048
2002-03-02,-2.5871976662248715,29.556932921109475,-67.75568482175106,13.256011750658825
2002-03-03,-2.228139659402633,29.8671646295282,-68.95958824815986,15.610469931805461
2002-03-04,-0.7170380020530567,30.21639526619744,-69.07885448517442,13.920782862392727
2002-03-05,1.7672369987407348,30.625694215302648,-69.45941940525931,15.457018253460467
2002-03-06,1.6744058432269995,30.907750373788975,-69.48336709198571,15.586910610923608
2002-03-07,2.0200810658260724,33.237395256424925,-69.50579367255042,14.727618063880506
2002-03-08,2.3089022767226703,33.69309961729101,-70.51861450328306,16.05302889741347
2002-03-09,2.5614745846091695,33.063952966020466,-71.70670023370754,16.27306017580802
2002-03-10,2.345625551026014,33.00404277672238,-69.21874403440799,17.170702522134363
2002-03-11,1.052246888426508,34.24551086476818,-69.35526080255781,16.91420864647758
2002-03-12,-0.11506997927342733,34.323326973558146,-69.236692444122,17.912296213712494
2002-03-13,1.4303038890668636,33.95492739122607,-69.06102128668229,17.9109943118237
2002-03-14,1.8781706454062599,33.42952207016523,-69.34410731514086,17.01065849571875
2002-03-15,0.7801488964280476,34.23986332884632,-69.35630094543298,17.04038002456082
2002-03-16,0.4498673155074496,35.17970043240183,-69.981463003568,16.84172701691243
2002-03-17,0.8410292997868523,34.2799895904345,-69.71896380440745,16.6149941223809
2002-03-18,0.730013487843161,34.77482631756187,-71.6632424824396,14.857409550221313
2002-03-19,1.5285702345694703,36.795865617459974,-71.41275925802542,13.841481500554906
2002-03-20,1.84177493944932,35.60265334987489,-71.98331465487102,14.770547874097957
2002-03-21,1.1856716700167027,35.634666694621444,-73.33178201809623,12.52974961646738
2002-03-22,1.9325017496938277,36.17923096248758,-75.7687606963112,11.228582666385115
2002-03-23,2.7813992668340077,36.92326540838247,-76.05506566016662,10.558463568753059
2002-03-24,4.513544317774375,38.00183279067255,-77.16439855167543,9.646510665343703
2002-03-25,3.542320469664621,35.96688285409391,-76.30907547952039,10.869546000288736
2002-03-26,4.934543363783583,35.480254109605305,-76.95853129039395,10.651282369427339
2002-03-27,1.7709750155415698,35.90984161147313,-74.67801500979665,11.192270833827628
2002-03-28,2.731498946185158,36.056329572678365,-76.16297999975181,12.247095249516809
2002-03-29,4.5938092988453345,37.746363453498844,-77.46930822658454,9.759616844634479
2002-03-30,5.690255368566079,37.55252189275558,-78.33487514850442,12.646140538413873
2002-03-31,4.04657781488835,38.185979227268234,-77.79010325205924,11.436924791692268
2002-04-01,2.2791142372182485,38.38836848936012,-80.33971520899706,12.75414893428593
2002-04-02,1.5990100410349375,38.65390244749356,-80.58639796974037,12.292233171086213
2002-04-03,1.2797323681006676,38.367692522023745,-79.80393241981807,11.05858915311424
2002-04-04,1.225361959652599,38.66384594619916,-80.15783022433463,12.499072703240142
2002-04-05,1.5426630015476495,38.75632130739908,-80.7638410256495,12.042609839319468
2002-04-06,0.3527428118847826,40.54384451975945,-80.86962062878852,10.981637580991118
2002-04-07,1.5561318567989149,40.173353001706076,-80.79562254199114,11.651592084243838
2002-04-08,0.7819152095228256,39.63848274190346,-81.15324277593727,10.641075969044223
2002-04-09,1.3984963053927357,40.56390507610234,-80.69546573586486,9.606282963540815
2002-04-10,2.7440657499036165,40.3327663045468,-79.55945954013748,10.36121038489896
2002-04-11,2.2786263615002715,41.99464608829542,-78.92362945643754,10.910138215620595
2002-04-12,1.8455266098584446,40.158787893475186,-78.49026003692707,8.760776144785986
2002-04-13,-1.305754652513742,40.943165147811406,-79.43004710054917,8.148478347809844
2002-04-14,-1.7289609715020697,39.92536100531952,-79.28720746444472,9.081799851100715
2002-04-15,-3.0171244494156637,39.505699857861245,-78.8272990065412,8.937552309803355
2002-04-16,-4.731416355261892,39.65159737743426,-77.74172157535385,8.493321188638486
2002-04-17,-5.14688901948467,38.74691472773118,-78.31754203644897,7.640579293801288
2002-04-18,-5.39102504085031,38.97777823404611,-79.7278358110596,8.215358269359324
2002-04-19,-4.460795356698647,38.361955717037304,-78.44173830907071,7.834566332031972
2002-04-20,-2.0360512031444635,39.90849524228875,-78.79651927692159,7.081838104841113
2002-04-21,-2.982470895681759,40.65305249575416,-77.12474099260464,9.572487151271872
2002-04-22,-2.8290299428129657,39.92734538564068,-77.23448551031512,9.702811599780276
2002-04-23,-1.0124911022467187,41.39112882196872,-76.55725456873655,9.144588597131714
2002-04-24,-0.2532212674293468,42.239487846787654,-77.21402278694956,7.8646367866591005
2002-04-25,-0.33165043675419653,42.469350071890176,-76.01960727619905,8.71162005769981
2002-04-26,-0.38249766575299793,42.46045812228336,-75.41526724091577,9.007194920355431
2002-04-27,-0.5356757461542483,41.962652599906555,-76.15342595049587,9.849566576228439
2002-04-28,-1.2666919368082175,40.344773643115225,-75.15781363112139,10.100894440775955
2002-04-29,-1.7356585445552664,41.92203980875237,-73.13476554007471,11.613419670846312
2002-04-30,-2.2620536165753773,41.462100728797104,-71.91349511057301,12.607459471043574
2002-05-01,-2.4478738254549794,41.441228125297876,-71.15551415315493,11.183187283411364
2002-05-02,-3.4157662896123426,42.973468270227535,-70.2199976704953,11.668619284373625
2002-05-03,-1.471548501569517,42.9902944369634,-69.73152467384027,11.93135792396594
2002-05-04,-1.215706939810626,43.39893189090541,-70.5593827945685,11.166484963214934
2002-05-05,-0.8721987199547523,44.063711762357585,-69.13452239053358,11.119428852590083
2002-05-06,-0.7657293356466539,44.121716737556504,-70.1497383462658,12.637914282382148
2002-05-07,-0.6538444986997809,44.13040441800689,-70.13383150249156,14.914596964218646
2002-05-08,-0.9202006437645993,46.2399373855551,-71.95791275826983,12.755577854638757
2002-05-09,-0.9403049885563853,45.281965043781135,-72.38771959533673,12.393072396194677
2002-05-10,-1.1198690837002787,47.16801394292326,-71.26972964514027,12.171493249298463
2002-05-11,0.6564070696320423,47.98582645994075,-71.62249791200888,13.582051303378371
2002-05-12,-2.159961242104404,48.23641619609049,-71.04348890601375,12.663480631369072
2002-05-13,-0.14703200702313968,47.36663369537425,-72.04632261248774,11.844160856821206
2002-05-14,-0.9493658639562714,46.735464202192254,-72.00167830253905,11.650518135137604
2002-05-15,-1.0162124689865657,46.86774818047368,-71.64319630161958,12.61477047222283
2002-05-16,-2.5140437622184764,45.43278214458299,-70.98070864793779,13.693085827116503
2002-05-17,-0.12879759363786558,47.55932881059954,-70.55585582768063,14.458706914929245
2002-05-18,1.0998343837453985,49.28524278923283,-70.1128288768606,16.13700787587607
2002-05-19,1.5158327855606488,49.53419965300681,-70.59826698445318,16.49094354144745
2002-05-20,0.40355229237343204,50.05226783908281,-69.95826308134826,18.76705578544157
2002-05-21,1.8696497542837756,49.941986049077556,-70.44316727848505,16.62967954021257
2002-05-22,3.5567337176816896,50.514550134018045,-72.11841111780754,15.367164540170297
2002-05-23,5.3051443277944115,49.18422308654601,-71.95403135886258,15.998348934981465
2002-05-24,4.450990695340305,50.07350679708834,-72.83638173273471,16.185729957750777
2002-05-25,3.830821558424728,49.684914558451474,-72.28537369602955,16.574358222646207
2002-05-26,5.281049345962117,49.97856289044817,-72.80122431140614,15.587344943892289
2002-05-27,5.15591787767993,49.658189095788,-72.75318637765298,14.87007681544289
2002-05-28,4.946422773666269,50.924280253560575,-72.59465727171184,16.234285427149576
2002-05-29,4.2276874240162385,49.867006028681274,-72.10424413677399,17.445965198216687
2002-05-30,3.0413721180153295,50.17173861250729,-72.92823761373855,17.67574668715411
2002-05-31,2.2140304989052915,51.4662439084048,-72.43868899831439,18.513491494000256
2002-06-01,1.5159656671089923,51.73695583930044,-73.29583214929009,18.26542223771118
2002-06-02,3.1970618870263703,52.195581080298886,-75.22430267384621,18.19984050655091
2002-06-03,2.476620532710734,53.34089076449039,-75.1373957348026,17.31840769959038
2002-06-04,3.810342990563069,53.533064690630795,-75.90154560899776,17.486126838415736
2002-06-05,3.706434287284167,53.42210440019064,-75.78965314856242,16.449250386286934
2002-06-06,4.185411758010198,53.34460529383052,-77.03218835247596,15.416188525571581
2002-06-07,4.402626831908343,53.754687815493945,-78.16672438938261,14.52518785876518
2002-06-08,4.156499177741915,54.13786793174356,-80.8499720621885,12.153945008263587
2002-06-09,4.021428113723009,55.51012298949384,-81.77972834205448,12.282757106235408
2002-06-10,4.743644228158455,55.24636296011124,-81.65530262032213,13.116824275517118
2002-06-11,4.793155696306023,55.27212459978669,-81.96550291306298,12.282164573102586
2002-06-12,5.110852849470007,55.32192118999162,-83.07409310702784,10.450802907753491
2002-06-13,3.9417063820621068,56.12449871475304,-83.89872456014507,11.652141788109773
2002-06-14,3.53179120034411,55.85256637447784,-83.00581477946803,12.740180190097021
2002-06-15,3.687385697389229,57.96587691949857,-84.77764982828535,14.172548292848493
2002-06-16,2.902444290644201,57.22382397939133,-84.75717454080694,13.752239767335604
2002-06-17,2.330314657935995,56.590853415078165,-83.33933578506809,14.241077757657436
2002-06-18,2.7151040622185527,54.13800741450054,-81.54806081063518,14.105708966414316
2002-06-19,2.835785716285602,53.499675812675065,-81.0468998423238,12.4837522084342
2002-06-20,2.4722516260228495,55.09929934334598,-79.5628590148467,11.72651699890568
2002-06-21,2.563747992302862,55.29137797440973,-81.14741397350559,13.263347770630528
2002-06-22,3.7104649735187456,54.40913615135864,-81.28978118308257,12.964010324703745
2002-06-23,2.6106612624705274,54.45500412158054,-81.6314992087658,15.674662110464489
2002-06-24,2.6391371035125375,53.57145412967008,-81.72246093410926,15.353654436978562
2002-06-25,1.4741585603194085,56.85092350900199,-83.3029499324508,13.230005483280083
2002-06-26,2.603415001867706,57.727697362599656,-83.13164685519865,13.329094369404263
2002-06-27,3.9206892115172387,57.77130755779172,-82.08775039065642,13.12737853047488
2002-06-28,4.405999643420345,57.15326540676383,-82.67358299235595,12.98387974870764
2002-06-29,5.114771274045211,57.000085629142895,-82.36448446552541,12.32654279736801
2002-06-30,6.236275005936061,54.72782500533053,-85.34352546812637,13.565196099835667
2002-07-01,6.911748401504383,56.2420463675817,-85.12529854018547,14.624235808968912
2002-07-02,4.6954964240234975,55.47235774068973,-84.91589280755431,15.178962432133597
2002-07-03,4.8899245223759324,55.433358237927415,-86.21107980579117,15.239294574337594
2002-07-04,5.343565321332515,56.503239617122524,-86.39866486601602,15.739376012817948
2002-07-05,4.266450455580652,56.46584769097507,-87.55198320130262,14.280180822517405
2002-07-06,3.529011557272483,55.907320062318846,-88.28277949838807,13.819556955355564
2002-07-07,3.7410940041863743,56.013439040287224,-88.09148594941007,13.414454437063503
2002-07-08,2.1162054790267035,57.65331356339213,-89.24910854186543,11.102201228060036
2002-07-09,2.0631477656778707,56.881872964151796,-91.3721482130996,11.041687807423703
2002-07-10,2.8145025373101005,57.03426382866721,-91.1273850874446,10.095944620055882
2002-07-11,3.23359252212975,58.396864831078645,-91.16668134943897,10.603058986972602
2002-07-12,3.343277897138859,58.95559045786779,-91.24696326325595,10.598313389909638
2002-07-13,1.3340930751440303,60.27506478686374,-90.2530927936294,10.604681009101776
2002-07-14,-0.6223313885356001,60.92899678938636,-89.88937879816288,10.585519733849242
2002-07-15,1.0758859453613137,60.31215741905452,-89.18092387623264,11.700566475022967
2002-07-16,0.773191540459718,61.082776096552664,-87.3932757972608,11.5718278538832
2002-07-17,1.6350050187521976,60.46349687227564,-86.1302636894496,11.66451042191393
2002-07-18,1.8289381882713445,59.618832651204976,-86.03646330255737,10.146270020516775
2002-07-19,1.630077224481106,59.97701737884995,-84.88422207781085,9.575855920229033
2002-07-20,2.5467669784681504,59.660526167111065,-85.18603929081686,7.5563700526300135
2002-07-21,1.4076881409992865,60.2660654576707,-84.63994105783283,7.655418012149985
2002-07-22,0.8627661186059912,59.91319740044331,-83.39581924715566,8.905730365130141
2002-07-23,0.11969596539316307,59.043785097366815,-85.39668661962723,8.843869844835911
2002-07-24,-0.6455050396843254,59.59807555801339,-87.1650759231527,7.744543385906623
2002-07-25,0.0380617319508989,57.726035749695484,-86.81369756798405,7.853659246819089
2002-07-26,-0.31760546361932895,58.055032432041195,-85.92484435451992,8.528345641863801
2002-07-27,1.4012669772008808,58.18070739776406,-86.22346917572129,6.899659081835727
2002-07-28,1.6572029365782672,58.25691076132386,-87.57343558424384,7.35863185732406
2002-07-29,1.1652657953618903,58.41005327983512,-88.46616575807926,7.335263666545148
2002-07-30,0.8390659305782597,57.827150741228195,-88.59070852436965,9.303122032476026
2002-07-31,0.09397722835775124,57.61658165874227,-88.58463532949007,8.49372539159845
2002-08-01,1.204923439983884,57.726155740375575,-87.43197254538796,6.868188575294202
2002-08-02,0.6361223943078186,58.85925223385721,-86.51617039906768,7.432677436290072
2002-08-03,0.8212769856041277,57.60448534839963,-88.1704077934675,6.382945010408525
2002-08-04,0.4685287959239546,57.95805602000924,-88.11724359082046,6.9595877924761025
2002-08-05,1.8564929410204254,56.775305137133586,-88.1156780770918,9.073943707344455
2002-08-06,-0.08467357217051852,56.20448326044462,-89.5307324932932,9.027956583762002
2002-08-07,0.5075472349887594,54.17302100619286,-90.10645959883131,11.027818233216331
2002-08-08,1.5483411389293646,53.715686310158844,-90.1833506243673,9.809154858169498
2002-08-09,2.0922745300953443,53.717476677916046,-91.43727280658501,10.31514377400837
2002-08-10,1.6219930941829062,54.989059449829476,-90.84047178625602,10.286483405760883
2002-08-11,0.7474572819673737,54.854081712935056,-91.48348975262246,10.06138883779186
2002-08-12,1.7630166110158667,54.906114593681856,-91.86280204877717,10.71392947343264
2002-08-13,2.7739248369801723,55.39200668123642,-93.2842624443375,10.784182025277913
2002-08-14,2.0913645202503126,55.75830126995488,-93.55092750323338,9.569679479240868
2002-08-15,1.8447607786564102,54.72507932768185,-92.57098105533142,9.03776030471215
2002-08-16,4.059071801388577,53.942476097118316,-93.51283580260873,8.60772645105433
2002-08-17,4.092718707133587,55.067851219321916,-94.04518142188172,7.667578339970339
2002-08-18,3.7551408194619746,55.144044638998544,-93.48017790082949,7.622084107107591
2002-08-19,3.4651122335793687,54.66889247666535,-93.78571724707572,7.278972244003694
2002-08-20,3.270639533081562,55.766070344005264,-95.41318573488581,6.8629395967136215
2002-08-21,4.682616899638598,55.14922731963408,-96.49308324149922,9.119153323825383
2002-08-22,5.013875072684669,55.07729190138302,-95.25827781479279,8.825313960692643
2002-08-23,4.752269993104561,55.56106898762484,-94.9746772297258,8.521576486170158
2002-08-24,3.4792624803799974,55.49107119850186,-94.35382804553926,8.951288125368075
2002-08-25,3.430399007780095,56.466062062387024,-93.92314658835134,7.661843328496367
2002-08-26,2.518215818352231,55.01371870547252,-93.5428620710912,7.366229458369071
2002-08-27,0.8949446316321816,55.29866328447172,-92.90211059097619,7.710722646477163
2002-08-28,0.8058056539861805,54.355330081644034,-93.70453835758536,7.643759804499562
2002-08-29,1.1310455740858647,55.70114028033848,-92.43864630399219,6.105523826602476
2002-08-30,2.440610497501476,54.82388733625719,-92.33011529730496,6.487930282173839
2002-08-31,2.8636183962637722,55.15341276635918,-92.48792380749347,6.80261505010986
2002-09-01,3.790641886821447,55.915453698888555,-91.88808144725746,7.336741290801815
2002-09-02,3.588381706661932,56.92482549324452,-90.74843581126225,6.945386453488999
2002-09-03,4.00358343058019,56.267684485463136,-90.72870388967539,6.290903816015426
2002-09-04,5.00394775459891,57.17003657211051,-91.32230986275088,6.63782512668444
2002-09-05,3.420799861147045,57.45881479069093,-90.52738226676522,6.462521726717985
2002-09-06,2.98061698452525,56.843343321323225,-89.89426919898264,5.91956765133673
2002-09-07,3.8224515830345016,55.886327946905396,-88.38459084319638,5.121339550091856
2002-09-08,2.8134441468245583,55.76974681271061,-87.87638918240917,5.01811007298835
2002-09-09,2.8666627681528776,56.266115199951244,-89.13361453296547,5.19445600200388
2002-09-10,1.976954040931595,56.248150081265614,-89.91092626840701,2.9386449137607387
2002-09-11,3.791329935203499,55.02067704755113,-91.39529903191955,1.9874363254731442
2002-09-12,4.031175135724358,55.036746495092494,-90.46273396803085,1.792872759801579
2002-09-13,4.610981693536244,53.52040563997278,-90.2325467306987,0.7136062145176285
2002-09-14,5.8948181472584045,55.65281361025699,-89.87796597409869,-0.23119437199224302
2002-09-15,4.307541506466678,56.34518074231538,-91.46805758993614,-1.4031706904234618
2002-09-16,6.849239049762193,56.114737926129514,-93.45380778970521,-3.0705693053599843
2002-09-17,6.701796751772547,53.68725546265034,-93.35502399249619,-3.9913053672799115
2002-09-18,7.535415924766,55.18930552326164,-92.71042996041501,-1.982201634755083
2002-09-19,8.786614584628099,55.70302115774733,-94.70874665065392,-1.517910838859707
2002-09-20,8.24716319080135,53.52307143519374,-93.97759570845504,-2.0705105088303797
2002-09-21,7.432505318772033,53.43613551454693,-95.35472472679974,-1.5163336789459527
2002-09-22,9.03933786924477,52.779392121488776,-96.02029679951141,-2.6639581456549575
2002-09-23,9.54286107258054,52.33918531687732,-94.95101900777644,-3.425695603137546
2002-09-24,8.415151495432843,51.11161008857655,-95.19872065635235,-2.361046037256543
2002-09-25,9.524731545475873,50.340639589069774,-95.96552043835042,-2.5749881686880465
2002-09-26,10.448816616411158,48.855529332923254,-97.36132749105955,-2.438237240485662
